index,n,is_prime,factorization,phi_n,next_n
0,400000287233629,False,1399663 * 285783283,400000000050684,400000000050685
1,400000000050685,False,5 * 19 * 25373 * 165945151,303145944897600,303145944897601
2,303145944897601,False,13 * 12973 * 1797496249,279805455948672,279805455948673
3,279805455948673,False,17 * 19 * 18049 * 47995499,249472151396352,249472151396353
4,249472151396353,False,19 * 13130113231387,236342038164948,236342038164949
5,236342038164949,False,1427 * 3343 * 49542809,236105763743136,236105763743137
6,236105763743137,False,439949 * 536666213,236105226636976,236105226636977
7,236105226636977,False,124699 * 1893401123,236103333111156,236103333111157
8,236103333111157,False,109 * 2166085624873,233937247486176,233937247486177
9,233937247486177,False,3511 * 17053 * 3907219,233856843489360,233856843489361
10,233856843489361,False,59 * 3963675313379,229893168175924,229893168175925
11,229893168175925,False,5^2 * 9195726727037,183914534540720,183914534540721
12,183914534540721,False,3 * 61304844846907,122609689693812,122609689693813
13,122609689693813,False,7 * 5189 * 3375538631,105073766474640,105073766474641
14,105073766474641,False,379 * 277239489379,104796526984884,104796526984885
15,104796526984885,False,5 * 19 * 46327 * 23811629,79423018468416,79423018468417
16,79423018468417,False,13 * 29^2 * 6827 * 1064087,70775066894784,70775066894785
17,70775066894785,False,5 * 11 * 17 * 37 * 1319 * 1551037,47099875921920,47099875921921
18,47099875921921,False,31 * 1519350836191,45580525085700,45580525085701
19,45580525085701,False,59 * 772551272639,44807973813004,44807973813005
20,44807973813005,False,5 * 13 * 233 * 2958598469,32946952539648,32946952539649
21,32946952539649,False,867037 * 37999477,32946913673136,32946913673137
22,32946913673137,False,37 * 890457126301,32056456546800,32056456546801
23,32056456546801,False,73 * 727 * 604029631,31573836819360,31573836819361
24,31573836819361,False,4583 * 6889338167,31566947476612,31566947476613
25,31566947476613,False,417721 * 75569453,31566871489440,31566871489441
26,31566871489441,False,227 * 331 * 420124193,31332862239360,31332862239361
27,31332862239361,False,79 * 1619 * 244977461,30917135361840,30917135361841
28,30917135361841,False,73 * 423522402217,30493612959552,30493612959553
29,30493612959553,False,23 * 29 * 27191 * 1681349,28160964905920,28160964905921
30,28160964905921,False,227 * 2693 * 46066511,28026496151920,28026496151921
31,28026496151921,False,21407 * 1309221103,28025186909412,28025186909413
32,28025186909413,False,29 * 101 * 9568175797,26790892228800,26790892228801
33,26790892228801,False,101 * 265256358701,26525635870000,26525635870001
34,26525635870001,False,23 * 137 * 7151 * 1177201,25183604160000,25183604160001
35,25183604160001,False,7 * 3967 * 906896329,21580505021088,21580505021089
36,21580505021089,False,7 * 67 * 571 * 2963 * 27197,18182773477440,18182773477441
37,18182773477441,False,3935753 * 4619897,18182764921792,18182764921793
38,18182764921793,False,3727 * 4878659759,18177886258308,18177886258309
39,18177886258309,False,367 * 53881 * 919267,18127999061280,18127999061281
40,18127999061281,False,490559 * 36953759,18127961616964,18127961616965
41,18127961616965,False,5 * 27143 * 133573751,14501834890000,14501834890001
42,14501834890001,False,29 * 109 * 4587736441,13873314994560,13873314994561
43,13873314994561,False,11 * 137 * 641 * 3547 * 4049,12493902643200,12493902643201
44,12493902643201,False,7 * 41 * 97 * 448791359,10340152888320,10340152888321
45,10340152888321,False,29 * 47 * 73 * 379 * 274201,9611863833600,9611863833601
46,9611863833601,False,29 * 59021 * 5615689,9280261361280,9280261361281
47,9280261361281,False,113 * 82126206737,9198135154432,9198135154433
48,9198135154433,False,1507483 * 6101651,9198127545300,9198127545301
49,9198127545301,False,86083 * 106851847,9198020607372,9198020607373
50,9198020607373,False,13 * 23 * 9473 * 3247399,8120469417984,8120469417985
51,8120469417985,False,5 * 1624093883597,6496375534384,6496375534385
52,6496375534385,False,5 * 11 * 118115918807,4724636752240,4724636752241
53,4724636752241,False,7^2 * 96421158209,4049688644736,4049688644737
54,4049688644737,False,741061 * 5464717,4049682438960,4049682438961
55,4049682438961,False,6079 * 666175759,4049016257124,4049016257125
56,4049016257125,False,5^3 * 7 * 73 * 883 * 71789,2735295091200,2735295091201
57,2735295091201,False,165089 * 16568609,2735278357504,2735278357505
58,2735278357505,False,5 * 709 * 771587689,2185136332416,2185136332417
59,2185136332417,False,1013 * 2157094109,2182979237296,2182979237297
60,2182979237297,False,47 * 401 * 115826351,2131204840000,2131204840001
61,2131204840001,False,29 * 83 * 107 * 8274949,2013923744448,2013923744449
62,2013923744449,False,31 * 64965282079,1948958462340,1948958462341
63,1948958462341,False,11 * 294649 * 601319,1771771460640,1771771460641
64,1771771460641,False,7 * 13 * 23 * 61 * 113 * 127 * 967,1295603527680,1295603527681
65,1295603527681,False,41 * 277 * 114079733,1259440241280,1259440241281
66,1259440241281,False,149 * 8452619069,1250987622064,1250987622065
67,1250987622065,False,5 * 59 * 4240636007,983827553392,983827553393
68,983827553393,False,19 * 51780397547,932047155828,932047155829
69,932047155829,False,53 * 179 * 98244667,909352628496,909352628497
70,909352628497,False,67 * 13572427291,895780201140,895780201141
71,895780201141,False,7 * 23 * 2347 * 2370623,734115255984,734115255985
72,734115255985,False,5 * 53 * 2770246249,576211219584,576211219585
73,576211219585,False,5 * 37 * 41 * 75967201,437571072000,437571072001
74,437571072001,False,7 * 31 * 2016456553,362962179360,362962179361
75,362962179361,False,17 * 21350716433,341611462912,341611462913
76,341611462913,False,7 * 73 * 421 * 1587923,288112567680,288112567681
77,288112567681,False,59 * 54907 * 88937,283220960928,283220960929
78,283220960929,False,23 * 263 * 46821121,269876935680,269876935681
79,269876935681,False,282221 * 956261,269875697200,269875697201
80,269875697201,False,11 * 24534154291,245341542900,245341542901
81,245341542901,False,7 * 13 * 283 * 9526717,193430441664,193430441665
82,193430441665,False,5 * 75347 * 513439,154741998192,154741998193
83,154741998193,False,89 * 107 * 1609 * 10099,151464183552,151464183553
84,151464183553,False,167 * 21341 * 42499,150546615120,150546615121
85,150546615121,False,7 * 19 * 1131929437,122248379088,122248379089
86,122248379089,False,541 * 1697 * 133157,121949591040,121949591041
87,121949591041,False,37 * 3295934893,118653656112,118653656113
88,118653656113,False,457 * 8689 * 29881,118376432640,118376432641
89,118376432641,False,47 * 53 * 47521651,113671786800,113671786801
90,113671786801,False,313883 * 362147,113671110772,113671110773
91,113671110773,False,11 * 2543 * 4063601,103296712000,103296712001
92,103296712001,False,7 * 47 * 3209 * 97841,86628318720,86628318721
93,86628318721,False,7 * 12375474103,74252844612,74252844613
94,74252844613,False,17 * 4367814389,69885030208,69885030209
95,69885030209,False,64781 * 1078789,69883886640,69883886641
96,69883886641,False,37 * 311 * 809 * 7507,67683703680,67683703681
97,67683703681,False,11 * 41 * 150074731,60029892000,60029892001
98,60029892001,False,50359 * 1192039,60028649604,60028649605
99,60028649605,False,5 * 41 * 499 * 586819,46757658240,46757658241
100,46757658241,False,7 * 37 * 103 * 251 * 6983,38456856000,38456856001
101,38456856001,False,97 * 229 * 991 * 1747,37834283520,37834283521
102,37834283521,False,45439 * 832639,37833405444,37833405445
103,37833405445,False,5 * 11 * 687880099,27515203920,27515203921
104,27515203921,True,27515203921,,
